id,avg_delay,deviation_delay,avg_stop,deviation_stop,max_stop,min_stop
7773,0.0,0.0,66.44444444444444,26.80427458079153,300.0,60.0
7608,1.8461538461538463,20.968276969108697,69.62962962962963,30.487578707046946,180.0,60.0
7339,0.0,0.0,62.34458259325044,15.41061149575246,300.0,60.0
7911,0.0,0.0,60.0,0.0,60.0,60.0
7699,0.0,0.0,75.0,35.70714214271425,180.0,60.0
7591,0.0,0.0,60.0,0.0,60.0,60.0
7113,0.0,0.0,71.77570093457943,35.60460655148814,420.0,60.0
7205,0.0,0.0,60.76923076923077,6.749972605686251,120.0,60.0
7733,0.0,0.0,66.09836065573771,62.58520877945756,1080.0,60.0
7010,0.6521739130434783,6.221342617936609,140.57142857142858,116.47054458146081,360.0,60.0
7235,0.0,0.0,63.40298507462686,34.6806581654792,900.0,60.0
7159,0.3305785123966942,4.441331848774995,66.67826086956522,45.65190558927346,1080.0,60.0
7868,0.0,0.0,88.57142857142857,73.17856271351828,360.0,60.0
7193,0.0,0.0,78.75,27.810744326608734,120.0,60.0
7307,0.0,0.0,61.53846153846154,9.483713850721545,120.0,60.0
7276,0.0,0.0,66.35437881873727,33.21761666948278,420.0,60.0
7033,48.34532374100719,161.8756833703625,82.23776223776224,115.8756240644901,900.0,60.0
7700,0.0,0.0,62.965779467680605,25.72793395531713,420.0,60.0
7630,1.2328767123287672,14.845801535497346,70.22727272727273,39.65697441604331,300.0,60.0
7445,0.0,0.0,67.41176470588235,32.67137409294423,240.0,60.0
7106,1.7419354838709677,30.62043144797868,65.73099415204679,30.008149549123083,540.0,60.0
7370,0.28708133971291866,4.140345962255304,61.58357771260997,9.618053045430926,120.0,60.0
7713,0.0,0.0,71.80592991913747,39.725813199704724,420.0,60.0
7891,0.0,0.0,62.04545454545455,10.887763242730456,120.0,60.0
7944,11.881188118811881,31.61378541540609,91.81818181818181,56.45886383717903,240.0,60.0
7312,34.285714285714285,457.1607139369576,65.38293216630197,38.821760317066236,720.0,60.0
7715,0.0,0.0,67.5223880597015,27.570456938355385,300.0,60.0
7090,10.588235294117647,74.87012977269318,60.92307692307692,7.384615384615375,120.0,60.0
7732,0.0,0.0,63.63636363636363,14.316377952748763,120.0,60.0
7379,0.0,0.0,65.3731343283582,20.024489350744407,180.0,60.0
7711,0.0,0.0,61.77339901477833,10.999681221238468,180.0,60.0
7916,0.0,0.0,120.0,67.27342926976657,240.0,60.0
7639,0.0,0.0,60.48,5.345053788316817,120.0,60.0
7516,1.8181818181818181,10.285189544531601,61.132075471698116,8.163512321805262,120.0,60.0
7637,0.0,0.0,60.39473684210526,4.850607523991245,120.0,60.0
7444,0.0,0.0,75.0,59.190974215427715,420.0,60.0
7659,0.0,0.0,61.2,8.400000000000004,120.0,60.0
7011,0.0,0.0,61.395348837209305,12.864480638083107,180.0,60.0
7250,0.0,0.0,66.51428571428572,25.63186791986152,300.0,60.0
7328,0.0,0.0,61.693548387096776,11.928670679633258,240.0,60.0
7426,0.0,0.0,61.607142857142854,12.575029922470177,180.0,60.0
7552,6.885245901639344,39.31966444191482,70.0,50.0,360.0,60.0
7980,0.0,0.0,60.0,0.0,60.0,60.0
7367,0.0,0.0,61.17936117936118,11.837755223519313,240.0,60.0
7037,41.351351351351354,152.469087024793,89.5774647887324,120.99862203520237,840.0,60.0
7291,0.0,0.0,65.45454545454545,17.248787237282066,120.0,60.0
7544,8.210526315789474,28.357824405023543,79.63636363636364,72.41204411029565,420.0,60.0
7490,0.0,0.0,68.57142857142857,20.99562636671296,120.0,60.0
7673,0.0,0.0,63.2,18.048822676285564,180.0,60.0
7546,1.8461538461538463,14.769230769230768,70.76923076923077,50.60579754891854,360.0,60.0
7701,0.0,0.0,60.0,0.0,60.0,60.0
7824,0.0,0.0,62.54237288135593,12.086302702377687,120.0,60.0
7122,0.0,0.0,66.28158844765343,23.629972103080323,300.0,60.0
7583,0.0,0.0,61.132075471698116,8.163512321805266,120.0,60.0
7026,5.660377358490566,21.057821023854643,66.48648648648648,38.91891891891894,300.0,60.0
7022,6.0,23.748684174075834,65.0,34.27827300200522,300.0,60.0
7311,14.509803921568627,126.12340246354447,67.34094616639479,28.655737513041775,420.0,60.0
7537,42.4390243902439,268.407957497219,60.51724137931034,5.546795842119105,120.0,60.0
7893,0.0,0.0,60.0,0.0,60.0,60.0
7119,0.3037974683544304,4.258586056367469,65.15539305301645,19.018983665105658,240.0,60.0
7221,0.0,0.0,61.39303482587065,13.310294196066923,300.0,60.0
7228,0.0,0.0,62.25255972696246,11.931732804333533,180.0,60.0
7621,12.88888888888889,149.19967563596288,75.86206896551724,133.99735564501722,1740.0,60.0
7423,9.310344827586206,122.45846683623446,69.62264150943396,112.89437815691961,1680.0,60.0
7484,48.57142857142857,137.67752917893432,61.76470588235294,10.137463493890639,120.0,60.0
7658,7.8,42.13264767374581,67.33333333333333,25.024432505497963,180.0,60.0
7598,0.0,0.0,60.0,0.0,60.0,60.0
7078,0.0,0.0,60.0,0.0,60.0,60.0
7655,0.0,0.0,61.86046511627907,12.805488277149976,180.0,60.0
7086,3.1578947368421053,19.208723779889137,65.25,25.44479318053106,240.0,60.0
7446,0.0,0.0,63.6,18.629009635512023,180.0,60.0
7926,0.0,0.0,60.0,0.0,60.0,60.0
7666,0.6741573033707865,8.969079570101174,67.14285714285714,29.863635657666954,240.0,60.0
7918,0.0,0.0,60.0,0.0,60.0,60.0
7629,5.957446808510638,70.48946124544223,60.714285714285715,6.507452556531648,120.0,60.0
7452,0.0,0.0,65.75342465753425,31.66251005631486,300.0,60.0
7130,0.0,0.0,64.92307692307692,20.16265221588418,360.0,60.0
7015,23.636363636363637,133.70746407891082,84.0,134.6996659238619,840.0,60.0
7832,0.0,0.0,63.80281690140845,32.79755217519726,540.0,60.0
7342,0.0,0.0,63.12267657992565,17.26428632834268,300.0,60.0
7946,1.188118811881188,8.359156799685323,98.70967741935483,60.09357946939364,240.0,60.0
7783,0.0,0.0,63.4,16.26161123628282,240.0,60.0
7344,0.2830188679245283,4.111086522547326,63.944636678200695,17.910109475036354,240.0,60.0
7019,13.608247422680412,93.78837295236647,70.85106382978724,74.24312525617727,720.0,60.0
7693,0,0,84.0,39.7994974842648,180.0,60.0
7646,3.7974683544303796,27.57286307950078,71.5068493150685,33.90846796395007,240.0,60.0
7289,0.0,0.0,60.69767441860465,6.432240319041553,120.0,60.0
7136,0.0,0.0,66.5034965034965,25.49533732933736,360.0,60.0
7494,0.0,0.0,73.33333333333333,37.712361663282536,180.0,60.0
7151,0.5106382978723404,5.511582930618604,66.9,22.591812676277076,240.0,60.0
7109,0.0,0.0,65.15151515151516,18.848874594041323,240.0,60.0
7469,0.0,0.0,60.44117647058823,5.126007369980412,120.0,60.0
7872,0.0,0.0,60.0,0.0,60.0,60.0
7892,0.0,0.0,60.0,0.0,60.0,60.0
7041,48.648648648648646,152.06972373405625,87.85714285714286,120.24846725655603,780.0,60.0
7634,2.0,24.413111231467404,69.65517241379311,37.36887499074229,300.0,60.0
7309,0.0,0.0,63.58762886597938,16.17924888175357,240.0,60.0
7356,0.0,0.0,61.675977653631286,11.160887087526088,180.0,60.0
7641,0.0,0.0,60.86330935251799,10.141588596665384,180.0,60.0
7969,0.0,0.0,61.05263157894737,11.189627171299605,180.0,60.0
7694,0.0,0.0,111.42857142857143,67.49149606295838,240.0,60.0
7244,0.0,0.0,65.48431105047749,27.933683637344835,480.0,60.0
7018,83.51351351351352,389.94605459353056,154.05405405405406,388.72945820037046,2400.0,60.0
7327,0.0,0.0,62.49097472924188,14.87386526774299,240.0,60.0
7788,0.0,0.0,64.83221476510067,25.556990581405216,300.0,60.0
7301,0.0,0.0,63.088235294117645,28.478957812080967,600.0,60.0
7793,0.0,0.0,64.96402877697842,24.165916324991905,240.0,60.0
7501,0.0,0.0,60.0,0.0,60.0,60.0
7956,20.571428571428573,119.9510104082462,110.3225806451613,59.214420157851706,180.0,60.0
7275,0.0,0.0,62.95503211991435,20.377699932752318,360.0,60.0
7985,0.0,0.0,61.25,8.569568250501305,120.0,60.0
7620,3.310344827586207,23.135438480266558,68.27586206896552,29.014736507534675,180.0,60.0
7140,0.0,0.0,65.78073089700996,20.80933283458665,240.0,60.0
7781,0.0,0.0,66.64556962025317,22.164824438669736,240.0,60.0
7692,0.0,0.0,66.0,18.0,120.0,60.0
7962,0.8333333333333334,7.021791477646963,99.57446808510639,58.417333729264094,240.0,60.0
7412,0.0,0.0,63.47826086956522,28.682473917340246,300.0,60.0
7325,5.8193979933110365,100.45838499277491,62.69005847953216,14.501980727673692,180.0,60.0
7625,0.0,0.0,60.38709677419355,4.803744637157755,120.0,60.0
7636,5.76,41.86194453199704,68.78048780487805,36.43873053069872,300.0,60.0
7390,0.0,0.0,80.0,44.721359549995796,180.0,60.0
7720,0.0,0.0,61.276595744680854,8.658293595479089,120.0,60.0
7155,0.42704626334519574,5.043848460221086,68.85436893203884,23.167774642449046,180.0,60.0
7821,0.0,0.0,61.267605633802816,12.268082654330687,240.0,60.0
7830,0.0,0.0,61.18577075098814,8.351059381024033,120.0,60.0
7746,0.0,0.0,64.20382165605096,21.53732912653057,300.0,60.0
7447,0.0,0.0,65.94339622641509,30.538509616510737,300.0,60.0
7867,0.0,0.0,60.0,0.0,60.0,60.0
7267,0.0,0.0,60.69364161849711,6.413841159158477,120.0,60.0
7105,0.33240997229916897,4.453549365199215,65.60636182902584,20.48080416509079,300.0,60.0
7947,0.0,0.0,68.57142857142857,27.994168488950603,180.0,60.0
7192,0.0,0.0,90.0,40.24922359499622,180.0,60.0
7519,14.380165289256198,157.52681819156842,61.52542372881356,9.444496078477986,120.0,60.0
7526,1.3559322033898304,17.988473439215714,62.42424242424242,23.99877560390707,300.0,60.0
7763,0.0,0.0,60.0,0.0,60.0,60.0
7348,11.2987012987013,139.75721666054676,64.5320197044335,21.817711189227875,360.0,60.0
7770,0.0,0.0,61.81132075471698,18.706326851986276,300.0,60.0
7302,0.0,0.0,62.11586901763224,11.857961861521183,180.0,60.0
7069,0.0,0.0,60.0,0.0,60.0,60.0
7626,0.759493670886076,6.707666480755328,68.96551724137932,30.88854576077058,180.0,60.0
7496,0.0,0.0,60.0,0.0,60.0,60.0
7143,0.5714285714285714,5.827450872677463,67.8655462184874,33.70632545920912,720.0,60.0
7536,5.142857142857143,36.20350642618777,63.80952380952381,29.996220472425943,300.0,60.0
7206,0.0,0.0,61.47727272727273,12.435266266044986,240.0,60.0
7780,0.0,0.0,66.11764705882354,46.5287796491605,720.0,60.0
7532,1.2,8.399999999999999,81.72413793103448,74.48994218232288,480.0,60.0
7853,0.0,0.0,60.0,0.0,60.0,60.0
7960,0.0,0.0,98.4,53.34266585014287,180.0,60.0
7777,0.0,0.0,71.32743362831859,39.36451896811047,420.0,60.0
7085,0.0,0.0,70.65420560747664,51.10500511430786,420.0,60.0
7306,8.017241379310345,114.22693555454885,60.64343163538874,6.179959049533075,120.0,60.0
7921,0.0,0.0,64.61538461538461,15.98816130063579,120.0,60.0
7728,1.1538461538461537,8.240109725241748,60.0,0.0,60.0,60.0
7072,0.0,0.0,60.0,0.0,60.0,60.0
7993,0.0,0.0,60.0,0.0,60.0,60.0
7415,2.0930232558139537,11.009116631204318,62.32044198895028,11.569013281733824,120.0,60.0
7443,0.0,0.0,64.6829268292683,23.982146839752016,240.0,60.0
7741,0.0,0.0,63.55795148247979,20.82551721403683,360.0,60.0
7224,0.0,0.0,61.711409395973156,10.575262575960782,180.0,60.0
7771,0.0,0.0,61.1764705882353,12.406048307260354,240.0,60.0
7117,0.0,0.0,64.22818791946308,16.123733311829326,180.0,60.0
7300,33.333333333333336,165.19348924485135,60.638297872340424,6.155521762335937,120.0,60.0
7617,0.0,0.0,60.0,0.0,60.0,60.0
7290,0.0,0.0,60.0,0.0,60.0,60.0
7645,0.0,0.0,60.97560975609756,10.77596196798757,180.0,60.0
7906,13.788819875776397,35.54271508342767,94.83870967741936,55.17543678251687,240.0,60.0
7604,1.6783216783216783,19.999510972553256,76.42105263157895,52.554048158437205,300.0,60.0
7497,0.0,0.0,60.0,0.0,60.0,60.0
7120,0.0,0.0,67.01886792452831,28.874804951419993,480.0,60.0
7350,0.0,0.0,68.44067796610169,97.22911456032332,2340.0,60.0
7627,0.0,0.0,61.1764705882353,10.78253104695492,180.0,60.0
7335,0.0,0.0,62.32804232804233,12.122754278619892,180.0,60.0
7262,0.6703910614525139,12.666666119122594,61.4218009478673,18.26262592732286,480.0,60.0
7341,0.0,0.0,62.11502782931354,11.064733482558012,120.0,60.0
7318,0.0,0.0,62.50497017892644,14.187311104324174,240.0,60.0
7381,0.0,0.0,63.40425531914894,18.597253943329505,240.0,60.0
7131,0.38626609442060084,4.798621069592476,66.44295302013423,18.8983087735688,180.0,60.0
7455,0.3508771929824561,4.5748788808439755,64.97409326424871,30.744212182572753,300.0,60.0
7012,26.923076923076923,236.24904119901854,161.05263157894737,281.9648118554046,2400.0,60.0
7406,14.117647058823529,82.27804080519739,60.9375,10.565088440235604,180.0,60.0
7463,0.0,0.0,63.91836734693877,23.924913779891877,300.0,60.0
7719,0.0,0.0,61.855670103092784,18.18177953406071,300.0,60.0
7237,0.0,0.0,61.54109589041096,11.807025255091515,240.0,60.0
7731,0.0,0.0,60.0,0.0,60.0,60.0
7398,0.0,0.0,63.0,13.076696830622021,120.0,60.0
7594,0,0,70.0,22.360679774997898,120.0,60.0
7865,0.0,0.0,62.926829268292686,20.747483237206573,240.0,60.0
7079,25.846153846153847,206.76923076923046,85.45454545454545,205.22110632032667,1740.0,60.0
7438,0.8,6.881860213634096,60.0,0.0,60.0,60.0
7135,0.1910828025477707,3.380599875086776,65.53542009884679,22.16461509299332,360.0,60.0
7903,0.0,0.0,60.0,0.0,60.0,60.0
7899,0.0,0.0,66.42857142857143,24.526121019127707,180.0,60.0
7667,0.0,0.0,62.278481012658226,14.921683066624164,180.0,60.0
7107,0.19607843137254902,3.424362587563328,64.77777777777777,23.032719614485416,360.0,60.0
7207,0.0,0.0,66.47619047619048,72.53217285986442,1620.0,60.0
7992,2.0,10.770329614269007,67.5,35.968736424845396,240.0,60.0
7797,0.0,0.0,67.55725190839695,27.451319940829713,300.0,60.0
7927,0.0,0.0,60.0,0.0,60.0,60.0
7199,0.0,0.0,60.0,0.0,60.0,60.0
7432,0.3973509933774834,4.8665359128142605,64.8,30.21522794883397,300.0,60.0
7736,0.0,0.0,65.47008547008546,24.196338159617838,360.0,60.0
7218,0.0,0.0,63.54782608695652,26.002088035975788,480.0,60.0
7264,9.67741935483871,127.29148340788153,62.014134275618375,22.88795441855975,540.0,60.0
7515,0.0,0.0,60.0,0.0,60.0,60.0
7202,0.0,0.0,60.80357142857143,7.97746747062614,180.0,60.0
7170,0.0,0.0,64.81675392670157,22.18067013601937,300.0,60.0
7503,0.0,0.0,60.50847457627118,5.499993471046767,120.0,60.0
7601,0.0,0.0,61.25,8.569568250501305,120.0,60.0
7748,0.0,0.0,64.81481481481481,31.957190157200586,480.0,60.0
7213,5.022026431718062,75.4976117680402,68.4812030075188,28.752666173532525,300.0,60.0
7986,2.0,10.770329614269007,60.0,0.0,60.0,60.0
7861,0.0,0.0,60.645161290322584,6.188169707500282,120.0,60.0
7314,0.0,0.0,62.384105960264904,15.255380519564916,240.0,60.0
7657,0.0,0.0,63.333333333333336,24.267032964268378,300.0,60.0
7118,0.0,0.0,65.6969696969697,20.277596009097724,240.0,60.0
7898,0.0,0.0,60.0,0.0,60.0,60.0
7358,0.0,0.0,61.96363636363636,11.83824869781862,180.0,60.0
7505,11.77570093457944,121.23826147330465,72.11538461538461,122.95772473092488,1320.0,60.0
7112,0.0,0.0,70.09345794392523,53.844624634789014,960.0,60.0
7819,0.0,0.0,64.34210526315789,16.289771275234195,180.0,60.0
7712,0.0,0.0,64.43786982248521,18.214955431718877,240.0,60.0
7091,8.275862068965518,43.79174583831048,63.1578947368421,21.533971100504026,240.0,60.0
7579,0.0,0.0,60.0,0.0,60.0,60.0
7017,23.68421052631579,118.44210339214546,78.94736842105263,101.24980763293522,780.0,60.0
7104,0.0,0.0,69.0,57.64848502855003,1140.0,60.0
7606,0.8955223880597015,10.327667995227607,67.59493670886076,34.90367177643365,300.0,60.0
7534,2.1621621621621623,13.781133820521076,67.11864406779661,54.21397804174306,480.0,60.0
7739,0.0,0.0,64.42105263157895,19.932295374391007,240.0,60.0
7239,0.0,0.0,63.78283712784589,34.40332203555424,660.0,60.0
7252,0.2054794520547945,3.505216871759996,65.50375939849624,30.46151869499087,480.0,60.0
7345,0.0,0.0,64.98305084745763,22.764447098694713,360.0,60.0
7027,15.974025974025974,98.8605175120611,68.62745098039215,59.17801684592196,720.0,60.0
7021,31.25,135.2717172952277,80.23255813953489,97.52729783854603,840.0,60.0
7067,0.0,0.0,60.0,0.0,60.0,60.0
7114,0.0,0.0,68.212927756654,28.91314356648059,420.0,60.0
7840,0.0,0.0,62.22222222222222,22.66230894930139,360.0,60.0
7680,0.0,0.0,72.24489795918367,36.32423748781549,180.0,60.0
7296,0.0,0.0,60.0,0.0,60.0,60.0
7051,0.0,0.0,67.05882352941177,39.66991835314677,360.0,60.0
7354,0.0,0.0,64.36363636363636,28.15306451032149,600.0,60.0
7351,0.0,0.0,61.96078431372549,11.205672205670266,180.0,60.0
7108,0.2553191489361702,3.9056319678583082,64.20664206642067,16.569703830613456,180.0,60.0
7978,0.0,0.0,71.25,43.57106264483344,240.0,60.0
7973,133.84615384615384,463.6566777184373,61.111111111111114,8.089010988089466,120.0,60.0
7521,0.0,0.0,60.41095890410959,4.94860051183245,120.0,60.0
7810,0.0,0.0,60.857142857142854,9.218437602800991,180.0,60.0
7551,0.0,0.0,62.758620689655174,15.513409488554482,180.0,60.0
7212,0.0,0.0,63.045685279187815,14.906236359269668,180.0,60.0
7775,0.0,0.0,66.11464968152866,31.169348031750918,480.0,60.0
7762,0.0,0.0,60.0,0.0,60.0,60.0
7628,2.272727272727273,18.6917138135928,72.0,41.32104271952211,300.0,60.0
7685,0.0,0.0,61.05263157894737,7.877173445839881,120.0,60.0
7336,0.23904382470119523,3.7796147332690038,61.07355864811133,7.953677810657559,120.0,60.0
7539,0.0,0.0,60.54054054054054,5.669237017135951,120.0,60.0
7282,0.0,0.0,63.333333333333336,30.14778414558682,420.0,60.0
7706,0.0,0.0,63.04761904761905,17.62702522096647,240.0,60.0
7575,0.3821656050955414,4.773246877756735,60.0,0.0,60.0,60.0
7889,0.0,0.0,64.24242424242425,15.380093988423669,120.0,60.0
7565,0.0,0.0,63.1578947368421,23.631520337519646,300.0,60.0
7981,0.0,0.0,61.016949152542374,7.744854005963293,120.0,60.0
7253,0.0,0.0,67.7602523659306,98.34770254958626,2460.0,60.0
7730,0.5555555555555556,5.746711351549219,73.23529411764706,38.973640280043135,300.0,60.0
7334,0.0,0.0,62.47933884297521,20.621780659763882,420.0,60.0
7951,0.0,0.0,64.39024390243902,20.487804878048777,180.0,60.0
7605,0.0,0.0,62.29007633587786,15.559042215080638,180.0,60.0
7502,62.774566473988436,292.15037113297535,62.42424242424242,23.998775603907095,300.0,60.0
7764,0.0,0.0,80.0,28.284271247461902,120.0,60.0
7260,0.0,0.0,61.65853658536585,14.623085250680216,300.0,60.0
7160,0.21818181818181817,3.6115517143084253,66.62207357859532,50.0864902216526,1140.0,60.0
7052,0.0,0.0,147.90697674418604,134.69272764911096,600.0,60.0
7982,5.625,23.040385738958452,61.81818181818182,10.285189544531598,120.0,60.0
7607,0.0,0.0,62.52100840336134,18.06703146269135,240.0,60.0
7787,0.0,0.0,64.31372549019608,24.354804008194883,240.0,60.0
7738,0.0,0.0,65.10263929618769,18.532796294371284,180.0,60.0
7068,0.0,0.0,60.0,0.0,60.0,60.0
7333,0.0,0.0,63.98009950248756,23.60705691755109,540.0,60.0
7818,0.0,0.0,60.483870967741936,5.366388632133591,120.0,60.0
7054,33.91304347826087,159.06627359401196,145.11627906976744,162.7720919600114,900.0,60.0
7945,0.0,0.0,65.33333333333333,24.729649321321883,180.0,60.0
7246,0.0,0.0,65.61151079136691,24.184991716687076,360.0,60.0
7066,0.0,0.0,60.0,0.0,60.0,60.0
7245,0.0,0.0,62.170767004341535,12.931067912462238,180.0,60.0
7404,0.27906976744186046,4.082438745579853,68.57142857142857,32.991443953692794,360.0,60.0
7971,0.0,0.0,60.0,0.0,60.0,60.0
7988,0.0,0.0,84.70588235294117,74.36932060837229,360.0,60.0
7570,0.410958904109589,4.94860051183245,60.0,0.0,60.0,60.0
7316,4.545454545454546,55.899851416884395,61.696969696969695,11.315007059505366,180.0,60.0
7727,0.0,0.0,60.0,0.0,60.0,60.0
7458,1.610738255033557,19.595476607672076,61.875,13.564084008881691,180.0,60.0
7529,0.0,0.0,60.46875,5.282544220117802,120.0,60.0
7409,10.625,73.99060328852576,69.62264150943396,66.00349516619936,720.0,60.0
7032,44.3312101910828,241.53773263627005,91.17647058823529,184.01989511818547,1860.0,60.0
7074,0.0,0.0,60.0,0.0,60.0,60.0
7436,0.0,0.0,73.5,59.2262610671989,480.0,60.0
7549,0.0,0.0,61.142857142857146,8.201542911089904,120.0,60.0
7388,0.0,0.0,61.06194690265487,7.911326243761767,120.0,60.0
7229,0.0,0.0,61.54373927958834,11.28232992435851,180.0,60.0
7209,0.0,0.0,62.190669371196755,23.764995354875563,540.0,60.0
7216,0.0,0.0,60.729166666666664,8.984337258374879,240.0,60.0
7483,0.0,0.0,60.0,0.0,60.0,60.0
7383,0.0,0.0,60.98360655737705,7.618983631883436,120.0,60.0
7721,0.0,0.0,60.0,0.0,60.0,60.0
7796,0.0,0.0,63.054545454545455,20.874881105218954,300.0,60.0
7242,0.0,0.0,67.8409090909091,28.95721230761149,300.0,60.0
7411,21.363636363636363,117.73604740904183,66.27450980392157,30.03010152012027,300.0,60.0
7416,0.0,0.0,63.78947368421053,25.840765320604792,300.0,60.0
7517,0.0,0.0,62.65486725663717,14.695595578511178,180.0,60.0
7247,2.7607361963190185,49.76987956928805,62.5077399380805,13.327121564521109,240.0,60.0
7718,0.5128205128205128,5.523245956035388,65.83333333333333,24.81878768639244,240.0,60.0
7603,53.87755102040816,303.22630012563206,73.43283582089552,144.6926979230695,1740.0,60.0
7765,0.0,0.0,60.0,0.0,60.0,60.0
7331,0.0,0.0,62.38754325259516,12.746204422587347,180.0,60.0
7643,0.0,0.0,63.829787234042556,21.689608404041973,240.0,60.0
7814,0.0,0.0,60.446096654275095,5.154298888457122,120.0,60.0
7774,11.650485436893204,117.6641352042179,65.26717557251908,27.981134437135108,360.0,60.0
7391,0.0,0.0,60.0,0.0,60.0,60.0
7520,5.874125874125874,31.184734281502696,63.94736842105263,34.18521330728049,360.0,60.0
7163,0.0,0.0,65.62162162162163,21.175395399928476,240.0,60.0
7990,1.5789473684210527,9.604361889944562,69.6774193548387,53.00540879082247,360.0,60.0
7064,0.0,0.0,60.0,0.0,60.0,60.0
7709,0.0,0.0,60.56426332288401,5.7911489598773525,120.0,60.0
7227,0.0,0.0,61.2406015037594,9.296818419271203,180.0,60.0
7187,0.0,0.0,64.52830188679245,15.849056603773583,120.0,60.0
7362,0.0,0.0,61.266490765171504,9.663478076220663,180.0,60.0
7317,4.8,79.45413771478496,62.83387622149837,16.711240603238885,300.0,60.0
7303,0.0,0.0,61.204819277108435,11.343231128616644,240.0,60.0
7725,0.0,0.0,60.375,4.728570079844435,120.0,60.0
7165,0.0,0.0,65.22648083623693,17.64539192697633,180.0,60.0
7586,81.11111111111111,156.27215892257,66.0,32.31098884280702,240.0,60.0
7343,6.331658291457287,89.09432950820371,63.38181818181818,35.00934467932847,840.0,60.0
7561,0.0,0.0,60.625,6.091746465505603,120.0,60.0
7305,0.0,0.0,61.702127659574465,12.935050343464354,240.0,60.0
7308,0.0,0.0,61.358024691358025,13.540345421105236,240.0,60.0
7482,49.473684210526315,136.32290166368063,60.0,0.0,60.0,60.0
7082,0.0,0.0,67.59493670886076,32.18676470949439,300.0,60.0
7168,0.0,0.0,65.14285714285714,20.808161664037822,300.0,60.0
7612,0.0,0.0,73.33333333333333,47.14045207910319,360.0,60.0
7664,4.026845637583893,31.599835678088812,70.3225806451613,31.26204242473735,180.0,60.0
7254,0.0,0.0,63.148148148148145,16.702636083151717,240.0,60.0
7895,0.0,0.0,60.645161290322584,6.188169707500282,120.0,60.0
7541,0.0,0.0,61.29032258064516,12.376339415000562,180.0,60.0
7968,0.0,0.0,61.935483870967744,15.116612275948356,180.0,60.0
7877,0.0,0.0,65.7286432160804,45.64828103527797,660.0,60.0
7652,0.9523809523809523,7.499055118106485,72.22222222222223,46.73275743291797,360.0,60.0
7359,6.666666666666667,91.40872800534741,69.15492957746478,89.17851188902773,1860.0,60.0
7563,0.0,0.0,61.1764705882353,8.318903308077028,120.0,60.0
7125,0.2777777777777778,4.073021749615337,66.18444846292948,20.590258509583382,180.0,60.0
7869,0.0,0.0,60.0,0.0,60.0,60.0
7241,0.0,0.0,64.48330683624802,26.585108695041104,480.0,60.0
7413,1.0404624277456647,7.832316617782331,78.3406113537118,54.161711298714486,360.0,60.0
7036,36.4,194.5945528528483,85.71428571428571,174.13928274780045,1860.0,60.0
7263,0.0,0.0,63.48314606741573,21.908959923595685,360.0,60.0
7817,0.0,0.0,66.17647058823529,19.359555458306716,180.0,60.0
7434,0.0,0.0,61.76470588235294,10.137463493890644,120.0,60.0
7338,0.26666666666666666,3.9911012125588496,62.23529411764706,16.440729237313995,360.0,60.0
7602,1.592920353982301,16.857884459880577,69.70588235294117,35.06173497583328,240.0,60.0
7768,0.0,0.0,60.0,0.0,60.0,60.0
7538,1.44,11.913286700151223,68.57142857142857,43.89226141639205,360.0,60.0
7907,0.0,0.0,62.4,11.757550765359255,120.0,60.0
7248,0.0,0.0,67.4074074074074,31.02280235758825,480.0,60.0
7663,0.0,0.0,62.8235294117647,16.9852368219049,180.0,60.0
7042,26.44736842105263,149.16613792547284,68.33333333333333,42.784992176644735,300.0,60.0
7826,0.0,0.0,62.932330827067666,13.943061167391532,180.0,60.0
7045,0.0,0.0,60.95238095238095,10.647942749998995,180.0,60.0
7758,10.0,22.360679774997898,60.0,0.0,60.0,60.0
7923,0.0,0.0,60.0,0.0,60.0,60.0
7310,0.0,0.0,66.36734693877551,32.580633960802345,480.0,60.0
7204,0.0,0.0,61.88811188811189,20.60114223702163,480.0,60.0
7540,3.0927835051546393,24.92714434590911,61.03448275862069,7.81017355372836,120.0,60.0
7437,0.0,0.0,85.94594594594595,64.44186399318392,600.0,60.0
7240,0.0,0.0,65.06437768240343,20.55287688421926,240.0,60.0
7164,0.449438202247191,5.173422217178123,65.78849721706865,24.651180174841798,300.0,60.0
7361,0.0,0.0,60.8,6.881860213634099,120.0,60.0
7439,0.0,0.0,84.32,60.111043910416335,540.0,60.0
7885,0.0,0.0,64.5,20.73041244162788,180.0,60.0
7507,0.0,0.0,61.18811881188119,8.35915679968532,120.0,60.0
7750,0.0,0.0,63.23651452282158,14.614765266163468,180.0,60.0
7535,0.0,0.0,61.15384615384615,11.710259498183337,180.0,60.0
7154,0.0,0.0,67.66917293233082,50.12596490804511,1140.0,60.0
7970,0.6185567010309279,6.060593178020244,60.0,0.0,60.0,60.0
7148,0.0,0.0,66.61828737300435,20.902031816956708,240.0,60.0
7056,17.142857142857142,109.76784407027742,137.72727272727272,121.07217299768006,360.0,60.0
7829,0.0,0.0,61.43540669856459,9.168642730720384,120.0,60.0
7511,0.0,0.0,62.22222222222222,11.33115447465063,120.0,60.0
7365,3.7735849056603774,67.1867691123202,60.57831325301205,5.862111305844757,120.0,60.0
7618,0.5607476635514018,5.7732505463478505,72.92307692307692,41.42548739504657,300.0,60.0
7466,0.0,0.0,64.02684563758389,17.945460366569513,180.0,60.0
7786,0.9090909090909091,7.329325225725948,64.65306122448979,25.86428553312666,360.0,60.0
7609,0.0,0.0,60.0,0.0,60.0,60.0
7651,0.0,0.0,63.582089552238806,19.060116406381578,180.0,60.0
7550,2.0689655172413794,10.947936459577617,69.47368421052632,42.485128569706475,300.0,60.0
7139,0.0,0.0,68.05237315875614,33.895534229240475,720.0,60.0
7642,4.675324675324675,25.153266064782823,77.5609756097561,53.4096222172526,360.0,60.0
7760,0.0,0.0,60.0,0.0,60.0,60.0
7648,9.850746268656716,42.232212976304226,70.83333333333333,45.084796649079934,360.0,60.0
7647,0.0,0.0,61.343283582089555,11.511904595984277,180.0,60.0
7203,0.0,0.0,61.36363636363637,9.620087851644815,180.0,60.0
7510,2.706766917293233,14.46425823327647,60.821917808219176,6.974203869237181,120.0,60.0
7704,0.0,0.0,61.62162162162162,11.971478156946034,180.0,60.0
7745,0.0,0.0,61.71919770773639,10.992115092134627,180.0,60.0
7931,0.0,0.0,67.5,46.837484987987985,360.0,60.0
7371,0.0,0.0,60.82644628099174,6.993122578944178,120.0,60.0
7557,0.0,0.0,62.69662921348315,25.296624322643193,300.0,60.0
7050,0.0,0.0,131.25,122.2638029017583,540.0,60.0
7897,0.0,0.0,66.66666666666667,18.856180831641282,120.0,60.0
7441,0.0,0.0,63.08571428571429,21.53186532769043,240.0,60.0
7313,5.529953917050691,81.27339238727609,65.03496503496504,21.5767981407292,240.0,60.0
7230,0.0,0.0,64.74418604651163,19.90219460056798,240.0,60.0
7912,26.582278481012658,234.76832682643675,98.27586206896552,58.637928499731274,240.0,60.0
7144,0.0,0.0,66.42201834862385,23.52133272529363,360.0,60.0
7983,0.0,0.0,60.95238095238095,7.4990551181064795,120.0,60.0
7710,0.0,0.0,64.6685878962536,23.865430101168258,360.0,60.0
7478,0.0,0.0,62.44897959183673,19.00919350562451,240.0,60.0
7453,0.0,0.0,63.1413612565445,21.91310579258048,240.0,60.0
7152,0.0,0.0,66.05678233438486,20.154840509311278,240.0,60.0
7795,0.0,0.0,65.34246575342466,24.246575342465718,240.0,60.0
7650,4.090909090909091,23.57947699880534,71.14285714285714,34.08153488926466,180.0,60.0
7638,7.391304347826087,71.67058649030226,72.0,37.72345190368203,240.0,60.0
7201,0.0,0.0,61.01123595505618,7.723442182509836,120.0,60.0
7231,0.0,0.0,62.196339434276204,19.456031403687874,480.0,60.0
7691,0.0,0.0,80.0,44.721359549995796,180.0,60.0
7995,0.0,0.0,60.9375,7.441175562369161,120.0,60.0
7401,0.0,0.0,60.0,0.0,60.0,60.0
7828,0.0,0.0,62.297872340425535,15.973268751949334,240.0,60.0
7580,0.8450704225352113,7.070366421414723,60.666666666666664,6.2893207547043986,120.0,60.0
7801,0.0,0.0,65.17985611510791,21.569780285437137,240.0,60.0
7722,2.142857142857143,15.891853900919255,63.75,14.523687548277813,120.0,60.0
7167,0.0,0.0,67.99249530956848,51.29380423292167,1080.0,60.0
7048,0.0,0.0,155.67567567567568,123.56288563166748,360.0,60.0
7649,0.0,0.0,69.5798319327731,49.796138319837624,540.0,60.0
7778,0.0,0.0,61.94444444444444,13.399718994658128,180.0,60.0
7716,7.2727272727272725,50.64868464430583,65.22935779816514,31.827987518783615,480.0,60.0
7834,0.0,0.0,62.30769230769231,12.95189095421751,180.0,60.0
7524,0.0,0.0,60.0,0.0,60.0,60.0
7364,0.0,0.0,60.645161290322584,7.592646642541828,180.0,60.0
7044,0.5263157894736842,5.594813585649804,114.5945945945946,99.79965321378832,360.0,60.0
7234,0.0,0.0,62.82131661442006,13.97050352705451,180.0,60.0
7353,0.0,0.0,62.581755593803784,13.153886398422541,180.0,60.0
7922,0.0,0.0,60.0,0.0,60.0,60.0
7473,0.0,0.0,60.0,0.0,60.0,60.0
7749,0.0,0.0,61.62162162162162,9.729729729729744,120.0,60.0
7548,5.070422535211268,24.140039758454705,64.0909090909091,19.80796233590991,180.0,60.0
7669,63.23076923076923,318.4752505409181,82.45398773006134,171.6577134365293,1860.0,60.0
7578,0.0,0.0,62.72727272727273,20.04127971368055,240.0,60.0
7013,0.0,0.0,62.5,17.99305421544658,240.0,60.0
7972,0.0,0.0,65.0,34.27827300200522,300.0,60.0
7256,0.0,0.0,63.375,19.554011736725535,300.0,60.0
7683,0.0,0.0,60.0,0.0,60.0,60.0
7695,0.0,0.0,75.0,39.68626966596886,180.0,60.0
7925,0.0,0.0,60.0,0.0,60.0,60.0
7588,72.0,157.53094934012174,60.0,0.0,60.0,60.0
7573,0.0,0.0,62.10526315789474,13.602997877179048,180.0,60.0
7323,0.0,0.0,62.043010752688176,10.881486673506096,120.0,60.0
7065,0.0,0.0,60.0,0.0,60.0,60.0
7004,0.0,0.0,68.27586206896552,43.79174583831042,300.0,60.0
7146,0.0,0.0,67.0028818443804,22.951081740917218,300.0,60.0
7200,0.0,0.0,62.17142857142857,14.885248141865087,240.0,60.0
7689,0.0,0.0,72.0,36.0,180.0,60.0
7001,16.638655462184875,104.6264046795809,75.10791366906474,100.52643380826947,900.0,60.0
7888,0.0,0.0,60.0,0.0,60.0,60.0
7614,4.0,32.0,68.0,31.496031496047245,240.0,60.0
7595,0.0,0.0,60.0,0.0,60.0,60.0
7123,0.0,0.0,69.0,36.105614308793925,660.0,60.0
7860,1.5789473684210527,9.604361889944558,60.0,0.0,60.0,60.0
7599,0.0,0.0,60.0,0.0,60.0,60.0
7854,0.0,0.0,60.0,0.0,60.0,60.0
7098,0.0,0.0,117.27272727272727,366.52150895810405,2520.0,60.0
7735,0.0,0.0,64.02684563758389,22.70084003670678,360.0,60.0
7522,0.0,0.0,62.89156626506024,26.184246182566046,300.0,60.0
7295,0.0,0.0,69.0,21.42428528562855,120.0,60.0
7896,0.0,0.0,60.0,0.0,60.0,60.0
7619,24.782608695652176,204.39453675199906,61.09756097560975,10.418803072608375,180.0,60.0
7076,0.0,0.0,62.22222222222222,11.331154474650628,120.0,60.0
7417,0.6282722513089005,6.107504323106877,62.07920792079208,21.005271930578854,300.0,60.0
7886,0.0,0.0,64.4776119402985,18.869827617049676,180.0,60.0
7029,13.241379310344827,158.89655172413768,76.84931506849315,154.29358878652943,1920.0,60.0
7987,0.0,0.0,65.38461538461539,23.895730103090862,180.0,60.0
7678,1.675977653631285,16.082400718518656,70.67796610169492,33.716887423933045,240.0,60.0
7761,0.0,0.0,60.0,0.0,60.0,60.0
7363,9.195402298850574,105.82156300703525,61.4218009478673,9.126145897183639,120.0,60.0
7506,0.0,0.0,62.16867469879518,19.638184636924496,240.0,60.0
7442,0.7792207792207793,6.793089262660791,79.38461538461539,66.65356873305488,420.0,60.0
7831,0.0,0.0,63.10880829015544,13.299015317849188,120.0,60.0
7273,0.19672131147540983,3.429953267048425,62.17303822937626,17.719768014720685,300.0,60.0
7908,0.0,0.0,91.03448275862068,51.35037370754835,180.0,60.0
7920,0.0,0.0,63.1578947368421,13.397812696166163,120.0,60.0
7878,0.0,0.0,60.0,0.0,60.0,60.0
7298,0,0,60.0,0.0,60.0,60.0
7508,0.0,0.0,60.0,0.0,60.0,60.0
7053,0.0,0.0,64.65116279069767,28.558291038155858,300.0,60.0
7726,0.0,0.0,77.14285714285714,50.34574339058887,300.0,60.0
7913,0.0,0.0,62.142857142857146,11.134612334371354,120.0,60.0
7405,0.0,0.0,61.52866242038217,9.454254937722027,120.0,60.0
7462,0.0,0.0,61.83673469387755,13.427578897629388,180.0,60.0
7217,3.6610169491525424,62.77336425573181,62.08955223880597,12.036922479794617,180.0,60.0
7161,0.0,0.0,67.95918367346938,30.269509939651726,360.0,60.0
7523,0.0,0.0,60.397350993377486,4.8665359128142605,120.0,60.0
7408,0.0,0.0,63.24324324324324,19.459459459459467,180.0,60.0
7080,0.0,0.0,60.0,0.0,60.0,60.0
7714,21.0,229.08295440735,63.03030303030303,14.031317457927527,180.0,60.0
7584,76.55172413793103,164.4274467832182,63.63636363636363,20.5703790890632,180.0,60.0
7759,0.0,0.0,60.0,0.0,60.0,60.0
7071,0.0,0.0,60.0,0.0,60.0,60.0
7794,0.0,0.0,65.89090909090909,31.197711295584565,360.0,60.0
7792,0.0,0.0,63.75,32.99147617188415,600.0,60.0
7660,4.583333333333333,33.22639094989932,67.85046728971963,28.515548714223062,240.0,60.0
7757,0.0,0.0,60.0,0.0,60.0,60.0
7214,4.585987261146497,81.13439700208298,62.90969899665552,19.871540789637134,360.0,60.0
7905,0.0,0.0,61.875,10.43955818030629,120.0,60.0
7249,0.3858520900321543,4.796065425590739,63.48837209302326,22.27413091416013,420.0,60.0
7734,0.0,0.0,63.46938775510204,14.00452119534512,120.0,60.0
7435,8.342245989304812,80.23315277060806,72.05607476635514,85.08641366399249,1020.0,60.0
7662,4.936708860759493,31.6377205455814,71.37931034482759,41.62427490771878,360.0,60.0
7929,0.0,0.0,61.333333333333336,8.844332774281067,120.0,60.0
7686,0.0,0.0,68.57142857142857,30.90472521826276,180.0,60.0
7360,0.0,0.0,62.06349206349206,13.29264388510756,180.0,60.0
7386,0.0,0.0,60.95238095238095,7.499055118106485,120.0,60.0
7172,0.0,0.0,70.31476997578693,57.61311812348606,1080.0,60.0
7211,0.0,0.0,65.26912181303116,21.488479911738082,300.0,60.0
7676,1.7518248175182483,14.392709540281736,80.0,83.82736442849092,720.0,60.0
7346,0.3,4.232020793899779,65.06151142355009,52.51868605612484,1260.0,60.0
7320,0.21201413427561838,3.5603227470841183,61.327967806841045,8.826923015097448,120.0,60.0
7129,0.0,0.0,67.09565217391304,24.25408039648202,300.0,60.0
7687,0.0,0.0,60.0,0.0,60.0,60.0
7059,0.0,0.0,60.0,0.0,60.0,60.0
7414,0.0,0.0,61.51898734177215,13.415332961510655,180.0,60.0
7909,0.0,0.0,60.0,0.0,60.0,60.0
7103,0.0,0.0,65.05133470225873,19.520626516966054,240.0,60.0
7315,0.0,0.0,65.14285714285714,20.672022954060495,300.0,60.0
7440,0.0,0.0,60.833333333333336,7.021791477646964,120.0,60.0
7836,0.0,0.0,64.35233160621762,32.025252459297604,480.0,60.0
7610,2.1052631578947367,15.754346891679756,70.0,35.35533905932738,240.0,60.0
7257,5.454545454545454,90.28879285771077,63.59400998336106,30.942944070449812,720.0,60.0
7837,0.0,0.0,62.97520661157025,28.186059155945067,480.0,60.0
7835,0.0,0.0,66.12244897959184,32.174037354935486,360.0,60.0
7340,0.25862068965517243,3.930694177647589,62.504347826086956,13.474209769871255,240.0,60.0
7454,0.0,0.0,67.94117647058823,45.907798374100835,420.0,60.0
7631,0.4878048780487805,5.38798098399378,61.666666666666664,12.133516482134192,180.0,60.0
7023,31.428571428571427,140.8574326279255,85.92592592592592,118.48610667919897,840.0,60.0
7670,3.1578947368421053,30.616925415260997,73.33333333333333,53.12459150169739,480.0,60.0
7798,0.0,0.0,66.81818181818181,50.17119452764316,720.0,60.0
7157,0.18575851393188855,3.333317358190656,68.62809917355372,36.05691832640155,600.0,60.0
7880,3.1578947368421053,19.208723779889127,60.0,0.0,60.0,60.0
7402,9.6875,63.93279552584886,60.0,0.0,60.0,60.0
7222,0.15424164524421594,3.03820806225073,61.59695817490494,10.341925739902472,180.0,60.0
7182,0.0,0.0,70.75862068965517,47.09612706268318,540.0,60.0
7527,0.0,0.0,60.0,0.0,60.0,60.0
7184,0.0,0.0,69.66666666666667,45.23887217377942,540.0,60.0
7958,0.0,0.0,109.56521739130434,64.16542891955919,240.0,60.0
7261,0.0,0.0,66.03896103896103,36.323203402427,600.0,60.0
7166,0.0,0.0,65.45454545454545,25.24640174395478,420.0,60.0
7456,0.0,0.0,61.348314606741575,12.648312161321599,180.0,60.0
7581,0.0,0.0,61.42857142857143,9.147320339189784,120.0,60.0
7513,0.0,0.0,62.06896551724138,14.23432237279332,180.0,60.0
7723,0.0,0.0,62.264150943396224,24.15683890306298,360.0,60.0
7422,0.0,0.0,60.0,0.0,60.0,60.0
7259,11.506849315068493,196.2921448185601,63.36538461538461,37.598858844259674,960.0,60.0
7743,0.0,0.0,65.11764705882354,29.19988386951354,420.0,60.0
7474,0.0,0.0,66.19047619047619,43.31239682609196,480.0,60.0
7668,2.456140350877193,27.801344266021513,70.76923076923077,41.9636359907257,360.0,60.0
7729,0.0,0.0,60.0,0.0,60.0,60.0
7910,0.5714285714285714,5.827450872677463,92.90322580645162,55.659885849864814,240.0,60.0
7075,0.0,0.0,60.857142857142854,7.119963311072628,120.0,60.0
7633,0.0,0.0,61.395348837209305,11.119100546866909,180.0,60.0
7622,2.1052631578947367,20.411283610174042,66.47058823529412,26.444431521163555,180.0,60.0
7352,0.0,0.0,62.93706293706294,17.49454131976745,300.0,60.0
7989,0.0,0.0,61.276595744680854,8.658293595479064,120.0,60.0
7111,0.4897959183673469,5.398875351440455,71.19327731092437,36.83834258238559,540.0,60.0
7420,0.39473684210526316,4.850607523991249,62.0,14.0,180.0,60.0
7185,0.0,0.0,67.03125,20.704746398772915,180.0,60.0
7008,0.0,0.0,130.0,109.33684399389556,360.0,60.0
7055,0.0,0.0,67.70642201834862,43.08372534902642,360.0,60.0
7007,0.0,0.0,68.82352941176471,48.553469972462146,420.0,60.0
7623,0.0,0.0,61.21621621621622,10.960950676699282,180.0,60.0
7047,0.0,0.0,65.1063829787234,28.574079939063004,300.0,60.0
7378,0.0,0.0,64.921875,43.93703046957515,540.0,60.0
7255,0.0,0.0,67.37864077669903,66.47813225456525,1560.0,60.0
7654,2.857142857142857,15.779087167410381,73.23529411764706,39.64701518587232,240.0,60.0
7014,0.0,0.0,185.66037735849056,130.44928797020347,420.0,60.0
7081,0.0,0.0,63.75,14.523687548277813,120.0,60.0
7742,0.0,0.0,64.83870967741936,20.72414327455055,240.0,60.0
7545,0.0,0.0,60.535714285714285,5.64410022474254,120.0,60.0
7864,0.0,0.0,60.0,0.0,60.0,60.0
7243,0.0,0.0,62.34527687296417,15.516241427948255,300.0,60.0
7373,0.0,0.0,61.5606936416185,9.55017559284235,120.0,60.0
7839,0.0,0.0,61.82608695652174,10.30682413833307,120.0,60.0
7266,0.0,0.0,61.04651162790697,8.69764332788871,180.0,60.0
7600,0.0,0.0,66.53465346534654,26.56714428712625,240.0,60.0
7489,0,0,60.0,0.0,60.0,60.0
7632,3.902439024390244,33.992685639384085,69.11392405063292,38.29234227632062,300.0,60.0
7024,1.1320754716981132,8.163512321805266,81.08108108108108,71.42502339095753,360.0,60.0
7083,2.857142857142857,18.294640678379565,65.56701030927834,24.49359571945152,240.0,60.0
7186,0.0,0.0,64.61538461538461,17.492025386581094,180.0,60.0
7169,0.0,0.0,65.88679245283019,22.854470168717018,240.0,60.0
7567,0.0,0.0,60.0,0.0,60.0,60.0
7858,0.6741573033707865,6.3241560806608,62.5531914893617,17.316587190958135,180.0,60.0
7856,0.0,0.0,60.0,0.0,60.0,60.0
7425,0.3157894736842105,4.34138750048448,61.52284263959391,17.559636920283747,300.0,60.0
7137,0.31088082901554404,4.307691127632455,66.96428571428571,24.51090448709533,300.0,60.0
7410,20.89887640449438,75.30672037453888,64.28571428571429,21.082926644998018,180.0,60.0
7387,6.153846153846154,53.99978084548992,64.83870967741936,43.50535508320455,540.0,60.0
7101,5.225225225225225,64.97188368821033,74.23529411764706,265.63520527922714,6060.0,60.0
7616,3.853211009174312,26.05246143016345,70.14084507042253,34.8636360756106,240.0,60.0
7427,0.3314917127071823,4.447428021546536,63.529411764705884,24.95670992423104,300.0,60.0
7357,0.0,0.0,64.0,18.666666666666668,240.0,60.0
7329,0.0,0.0,61.86851211072664,11.555642948159813,180.0,60.0
7347,0.0,0.0,64.47457627118644,17.935246930209136,240.0,60.0
7073,0.0,0.0,60.0,0.0,60.0,60.0
7470,0.0,0.0,64.92537313432835,38.12286242907451,480.0,60.0
7150,0.0,0.0,68.51549755301795,41.87975295561767,720.0,60.0
7431,0.32967032967032966,4.435260674859473,65.48076923076923,28.601365207206058,300.0,60.0
7265,0.0,0.0,62.627737226277375,39.619910813075336,960.0,60.0
7392,0.0,0.0,62.926829268292686,12.924528097065123,120.0,60.0
7640,4.864864864864865,33.33868961104702,77.03703703703704,54.35240393435301,360.0,60.0
7009,0.0,0.0,61.51898734177215,13.415332961510655,180.0,60.0
7592,0.0,0.0,60.0,0.0,60.0,60.0
7890,0.0,0.0,60.76923076923077,6.749972605686246,120.0,60.0
7593,0.0,0.0,60.0,0.0,60.0,60.0
7977,0.0,0.0,62.03389830508475,10.858045680031841,120.0,60.0
7948,0.0,0.0,105.0,65.3834841531101,240.0,60.0
7991,66.07594936708861,332.574985249902,60.0,0.0,60.0,60.0
7158,0.0,0.0,65.54140127388536,21.765832643110436,300.0,60.0
7500,0.0,0.0,60.84507042253521,7.070366421414726,120.0,60.0
7525,0.0,0.0,60.0,0.0,60.0,60.0
7857,0.0,0.0,60.0,0.0,60.0,60.0
7330,0.0,0.0,61.33064516129032,9.622069536456872,180.0,60.0
7894,0.0,0.0,61.578947368421055,13.674085322912212,180.0,60.0
7876,0.0,0.0,69.6774193548387,53.00540879082252,360.0,60.0
7035,58.80794701986755,172.55741784519478,89.76377952755905,127.52930536722705,900.0,60.0
7034,73.69127516778524,327.9800881852824,129.80769230769232,315.5336772506066,1980.0,60.0
7767,0.0,0.0,60.0,0.0,60.0,60.0
7696,0.0,0.0,72.0,36.0,180.0,60.0
7016,0.0,0.0,183.91304347826087,132.04871072365955,420.0,60.0
7653,0.5882352941176471,5.9116915418358165,61.81818181818182,12.662171161076493,180.0,60.0
7270,0.0,0.0,63.06238185255199,33.5723956448781,720.0,60.0
7875,0.0,0.0,60.58252427184466,5.883206760210906,120.0,60.0
7813,0.0,0.0,62.39202657807309,12.71692059088632,180.0,60.0
7756,0.0,0.0,60.0,0.0,60.0,60.0
7220,1.7045454545454546,18.569377951904073,61.172291296625225,9.723192663267124,180.0,60.0
7932,0.0,0.0,81.81818181818181,52.8837802627236,240.0,60.0
7703,0.0,0.0,61.276595744680854,8.658293595479066,120.0,60.0
7128,0.0,0.0,65.18760195758564,21.45990706825783,360.0,60.0
7481,0.0,0.0,60.0,0.0,60.0,60.0
7859,0.0,0.0,60.0,0.0,60.0,60.0
7486,81.5625,182.903823343718,60.0,0.0,60.0,60.0
7251,0.0,0.0,62.40384615384615,12.24707125960602,180.0,60.0
7779,0.0,0.0,72.19354838709677,46.74944840443167,600.0,60.0
7102,0.0,0.0,79.33774834437087,268.4013720570046,5760.0,60.0
7195,0.0,0.0,91.30434782608695,84.61186820987923,360.0,60.0
7800,0.0,0.0,62.95454545454545,16.662361702971708,180.0,60.0
7084,3.0,17.05872210923198,62.06896551724138,19.186796887232493,240.0,60.0
7180,0.0,0.0,70.74626865671642,50.52894642059726,840.0,60.0
7258,0.0,0.0,64.48330683624802,41.40146374073799,1020.0,60.0
7554,4.2105263157894735,24.77600483355752,67.74193548387096,33.18663522480437,240.0,60.0
7127,0.15584415584415584,3.0539092897037063,65.06283662477558,17.060605914790063,180.0,60.0
7092,0.0,0.0,68.14814814814815,26.25191873580645,180.0,60.0
7449,0.0,0.0,63.389830508474574,18.831111067567655,240.0,60.0
7493,0.0,0.0,60.0,0.0,60.0,60.0
7355,0.0,0.0,62.82722513089005,14.118662861305362,180.0,60.0
7225,0.0,0.0,61.666666666666664,14.043582955293974,300.0,60.0
7271,0.0,0.0,61.19521912350598,11.298456380650034,240.0,60.0
7950,1.3333333333333333,8.844332774281066,105.4054054054054,67.4875201514102,360.0,60.0
7156,0.0,0.0,64.86223662884927,21.050733273086145,360.0,60.0
7149,0.3858520900321543,4.796065425590747,69.60725075528701,46.931490294507064,960.0,60.0
7384,0.0,0.0,60.458015267175576,5.2221775195380395,120.0,60.0
7077,0.0,0.0,60.0,0.0,60.0,60.0
7955,117.33333333333333,544.0522850690818,132.30769230769232,426.4730823168423,2760.0,60.0
7866,0.0,0.0,62.4,11.757550765359255,120.0,60.0
7407,0.3,4.23202079389977,63.786407766990294,20.55617474399292,300.0,60.0
7784,0.0,0.0,65.6390977443609,22.271509277588777,240.0,60.0
7954,60.0,200.28551049510725,102.16216216216216,60.58878386681969,240.0,60.0
7975,0.0,0.0,60.0,0.0,60.0,60.0
7871,0.0,0.0,60.75,6.6661458129866915,120.0,60.0
7952,0.0,0.0,112.10526315789474,108.53468751211199,600.0,60.0
7994,5.084745762711864,20.0315751900938,61.5,9.367496997597597,120.0,60.0
7236,0.0,0.0,63.70044052863436,18.308615958289593,300.0,60.0
7613,0.0,0.0,60.0,0.0,60.0,60.0
7005,0.0,0.0,64.61538461538461,29.64284441230422,300.0,60.0
7465,0.0,0.0,60.42253521126761,5.017327642410389,120.0,60.0
7974,0.0,0.0,71.11111111111111,46.29481479111035,300.0,60.0
7040,8.372093023255815,25.602528268879766,74.07407407407408,55.99333685619033,360.0,60.0
7665,8.689655172413794,104.27586206896554,71.1864406779661,97.02497923630698,1320.0,60.0
7512,6.818181818181818,46.50379883176344,60.0,0.0,60.0,60.0
7530,0.0,0.0,60.0,0.0,60.0,60.0
7656,6.075949367088608,29.57152759584576,69.11392405063292,31.790049928794485,240.0,60.0
7590,0.0,0.0,60.0,0.0,60.0,60.0
7385,0.0,0.0,60.916030534351144,7.356814536278948,120.0,60.0
7062,0.0,0.0,147.69230769230768,122.77270093418392,360.0,60.0
7138,0.0,0.0,67.71126760563381,29.959616243126856,420.0,60.0
7268,0.0,0.0,64.44444444444444,21.99887763691472,240.0,60.0
7568,0.0,0.0,60.0,0.0,60.0,60.0
7564,4.511278195488722,31.7524770311599,62.4,11.75755076535926,120.0,60.0
7121,0.16997167138810199,3.188951224809127,65.62162162162163,19.912445315716994,180.0,60.0
7587,0.0,0.0,60.0,0.0,60.0,60.0
7286,0.0,0.0,60.41095890410959,4.948600511832451,120.0,60.0
7509,0.0,0.0,60.0,0.0,60.0,60.0
7708,0.0,0.0,62.849604221635886,14.827275323231458,180.0,60.0
7799,0.0,0.0,66.796875,62.041236208141235,1020.0,60.0
7448,0.0,0.0,69.05660377358491,37.580813598561114,300.0,60.0
7485,0.0,0.0,63.39622641509434,13.865036279904782,120.0,60.0
7337,0.0,0.0,63.40425531914894,18.25080537362321,360.0,60.0
7100,0.0,0.0,62.7979274611399,12.65097820686576,120.0,60.0
7133,0.3305785123966942,4.441331848774997,67.5134168157424,21.115732266447058,180.0,60.0
7194,0.0,0.0,66.3157894736842,18.413532299511477,120.0,60.0
7124,4.363636363636363,79.14919482421988,66.72504378283713,22.293058137235615,180.0,60.0
7928,0.0,0.0,60.0,0.0,60.0,60.0
7789,0.0,0.0,65.57620817843866,22.154886320010146,240.0,60.0
7744,0.0,0.0,64.28571428571429,21.565278214987053,300.0,60.0
7421,0.0,0.0,62.71356783919598,21.933507713937573,300.0,60.0
7428,0.0,0.0,69.01960784313725,28.093325001682075,180.0,60.0
7702,0.0,0.0,62.716981132075475,13.520602529962538,180.0,60.0
7464,1.0975609756097562,14.012720489418681,60.0,0.0,60.0,60.0
7747,0.0,0.0,62.80155642023346,13.720795568792346,180.0,60.0
7492,0.0,0.0,60.0,0.0,60.0,60.0
7949,0.0,0.0,68.57142857142857,27.994168488950613,180.0,60.0
7887,0.0,0.0,64.75247524752476,18.271552276312498,180.0,60.0
7038,81.42857142857143,364.1243340017871,157.5,416.7829599615197,2640.0,60.0
7833,0.0,0.0,64.94117647058823,46.212387679998834,780.0,60.0
7471,0.32967032967032966,4.435260674859471,64.66019417475728,27.967232351435623,300.0,60.0
7460,1.8518518518518519,23.497365815647168,62.47422680412371,24.24237271208098,300.0,60.0
7369,0.0,0.0,61.702127659574465,18.82948671475538,420.0,60.0
7851,0.0,0.0,60.0,0.0,60.0,60.0
7671,24.857142857142858,202.96194475912978,61.75438596491228,13.652685233925405,180.0,60.0
7285,0.0,0.0,60.68181818181818,6.359576627106005,120.0,60.0
7644,3.488372093023256,32.161201595207736,68.35443037974683,28.21393765216209,180.0,60.0
7468,0.0,0.0,64.46808510638297,26.602552320223026,240.0,60.0
7582,48.0,121.88519188154072,60.0,0.0,60.0,60.0
7025,24.155844155844157,126.17603297383654,77.74647887323944,107.23407571590258,900.0,60.0
7679,0.0,0.0,60.96774193548387,10.732777264267185,180.0,60.0
7487,0.0,0.0,60.0,0.0,60.0,60.0
7838,0.0,0.0,61.224489795918366,10.067659489515654,180.0,60.0
7088,0.0,0.0,60.0,0.0,60.0,60.0
7003,0.0,0.0,61.5,16.36306817195357,240.0,60.0
7558,1.4814814814814814,9.310966733315956,67.9245283018868,40.43902890450964,300.0,60.0
7791,0.0,0.0,65.49618320610686,22.79057460389264,240.0,60.0
7690,0.0,0.0,60.0,0.0,60.0,60.0
7115,0.17595307917888564,3.2444144717746117,66.38078902229846,19.472611933198454,180.0,60.0
7698,0.0,0.0,90.0,51.96152422706632,180.0,60.0
7293,0.0,0.0,60.0,0.0,60.0,60.0
7790,0.0,0.0,63.32179930795848,21.501675533356202,300.0,60.0
7366,0.0,0.0,60.645161290322584,6.188169707500283,120.0,60.0
7611,0.0,0.0,65.21739130434783,28.048027942363056,300.0,60.0
7233,0.0,0.0,62.676923076923075,16.59203487525781,360.0,60.0
7321,0.0,0.0,61.77700348432056,13.368761787007674,300.0,60.0
7372,0.0,0.0,61.907514450867055,13.930156133059338,240.0,60.0
7569,0.0,0.0,61.1764705882353,8.318903308077028,120.0,60.0
7624,2.5531914893617023,30.209769105189533,77.85714285714286,62.64167615762479,420.0,60.0
7281,0.0,0.0,60.625,6.091746465505603,120.0,60.0
7935,0.0,0.0,60.0,0.0,60.0,60.0
7095,0.0,0.0,61.62162162162162,9.729729729729732,120.0,60.0
7559,0.0,0.0,60.705882352941174,6.469518628172955,120.0,60.0
7542,1.2765957446808511,8.658293595479064,61.03448275862069,7.810173553728362,120.0,60.0
7061,0.0,0.0,60.0,0.0,60.0,60.0
7450,0.0,0.0,67.3972602739726,49.60190554393851,480.0,60.0
7705,0.0,0.0,64.46601941747574,16.471697134328917,180.0,60.0
7031,48.082191780821915,158.530559987627,83.00751879699249,98.08684936654686,840.0,60.0
7145,0.6338028169014085,6.134041327165358,66.70866141732283,21.70021598507143,240.0,60.0
7430,0.0,0.0,68.125,26.390990413396764,180.0,60.0
7147,0.3883495145631068,4.811460851791803,70.44303797468355,35.1460773818026,480.0,60.0
7615,47.45454545454545,283.5214802304527,78.08823529411765,152.3324282125153,1800.0,60.0
7278,0.0,0.0,61.90677966101695,14.74959768950658,240.0,60.0
7531,111.97183098591549,759.2548602863749,60.0,0.0,60.0,60.0
7547,0.0,0.0,60.0,0.0,60.0,60.0
7661,0.0,0.0,62.485207100591715,16.454386120127538,180.0,60.0
7724,0.0,0.0,69.47368421052632,29.28511103840749,180.0,60.0
7232,0.0,0.0,64.58083832335329,28.156497924016303,660.0,60.0
7132,0.24193548387096775,3.8023145916536545,66.4471403812825,33.63625998467591,720.0,60.0
7191,0.0,0.0,64.28571428571429,15.452362609131379,120.0,60.0
7812,0.0,0.0,60.0,0.0,60.0,60.0
7162,0.0,0.0,66.42172523961662,36.513043416230914,540.0,60.0
7953,0.0,0.0,62.4,11.75755076535926,120.0,60.0
7635,0.0,0.0,61.76470588235294,12.478354962115525,180.0,60.0
7751,0.0,0.0,65.41806020066889,22.09910351508156,240.0,60.0
7555,0.0,0.0,60.94488188976378,7.469947228744203,120.0,60.0
7433,0.0,0.0,63.3502538071066,20.2257352883866,240.0,60.0
7514,1.4634146341463414,9.25544681024892,60.0,0.0,60.0,60.0
7457,4.477611940298507,63.32299533013864,62.869565217391305,23.229112820330904,300.0,60.0
7766,0.0,0.0,120.0,60.0,180.0,60.0
7772,0.0,0.0,62.26027397260274,13.40979747863811,180.0,60.0
7852,0.0,0.0,60.0,0.0,60.0,60.0
7006,0.40268456375838924,4.898869151918022,114.0,99.61927524329818,360.0,60.0
7110,0.0,0.0,66.19964973730298,32.63268053281063,600.0,60.0
7924,0.0,0.0,60.0,0.0,60.0,60.0
7153,0.7627118644067796,6.72168003376388,68.28250401284109,27.210088043264836,360.0,60.0
7528,4.411764705882353,25.860619217210864,60.0,0.0,60.0,60.0
7571,0.0,0.0,61.07142857142857,7.9459269504596355,120.0,60.0
7046,1.3186813186813187,8.796701580742637,132.30769230769232,112.6023531762476,360.0,60.0
7210,0.0,0.0,71.6015625,40.89541536112078,480.0,60.0
7488,0.0,0.0,270.0,210.0,480.0,60.0
7226,0.0,0.0,63.36,15.745170688182471,180.0,60.0
7183,0.0,0.0,66.90647482014388,23.955862317430128,180.0,60.0
7043,0.0,0.0,63.79746835443038,24.041303986852256,240.0,60.0
7332,0.0,0.0,63.02238805970149,15.47167195564669,240.0,60.0
7825,0.0,0.0,63.76383763837639,19.94095394691841,240.0,60.0
7684,0.0,0.0,75.0,36.742346141747674,180.0,60.0
7560,2.9411764705882355,24.317678363052224,63.9344262295082,30.47593452753375,300.0,60.0
7873,0.0,0.0,60.0,0.0,60.0,60.0
7087,0.0,0.0,62.637362637362635,12.299840509567666,120.0,60.0
7776,19.322033898305083,147.152226113303,61.16731517509728,8.28711564947807,120.0,60.0
7870,1.4634146341463414,9.255446810248914,64.44444444444444,15.713484026367723,120.0,60.0
7223,0.0,0.0,62.28373702422145,13.006883134403122,180.0,60.0
7039,38.93129770992366,141.23366977625602,81.25984251968504,100.03930035602592,1020.0,60.0
7697,0.0,0.0,80.0,44.721359549995796,180.0,60.0
7984,6.666666666666667,18.856180831641268,60.0,0.0,60.0,60.0
7707,0.0,0.0,63.78378378378378,45.0436035805398,840.0,60.0
7459,0.0,0.0,64.49197860962566,25.1866548536347,300.0,60.0
7572,3.302752293577982,19.632170091882944,60.0,0.0,60.0,60.0
7737,0.625,6.091746465505603,65.10989010989012,31.189583549094426,540.0,60.0
7141,0.47493403693931396,5.316999142083375,67.93650793650794,25.82964521499425,360.0,60.0
7116,0.0,0.0,66.3970588235294,21.184511341101164,240.0,60.0
7142,0.0,0.0,67.43515850144092,25.498900415139655,360.0,60.0
7030,2.857142857142857,12.777531299998797,69.6774193548387,53.005408790822486,360.0,60.0
7467,0.2843601895734597,4.120770638726872,64.48132780082987,28.573278145202192,300.0,60.0
7208,0.0,0.0,64.37888198757764,24.52187364270549,480.0,60.0
7219,0.0,0.0,63.479789103690685,19.97846017483032,360.0,60.0
7811,0.0,0.0,62.69896193771626,12.435968829236216,120.0,60.0
7681,0.0,0.0,60.0,0.0,60.0,60.0
7319,17.042801556420233,272.6848249027231,62.929475587703436,15.240937161073008,240.0,60.0
7919,0.0,0.0,70.0,30.0,180.0,60.0
7827,0.0,0.0,61.77777777777778,11.409331247105293,180.0,60.0
7070,0.0,0.0,62.5,11.989578808281799,120.0,60.0
7283,0.0,0.0,61.05263157894737,7.877173445839865,120.0,60.0
7491,0.0,0.0,90.0,60.0,240.0,60.0
7533,0.0,0.0,60.44117647058823,5.126007369980413,120.0,60.0
7238,0.0,0.0,65.58533145275035,21.830288073188772,300.0,60.0
7543,0.0,0.0,60.6,5.969924622639724,120.0,60.0
7717,0.0,0.0,62.526315789473685,13.990103348072566,180.0,60.0
7304,0.0,0.0,63.26086956521739,38.11620377934065,840.0,60.0
7126,0.0,0.0,66.16600790513834,18.605646181574347,180.0,60.0
7461,0.0,0.0,63.91959798994975,23.354673444466854,240.0,60.0
7196,0.0,0.0,75.0,39.68626966596886,180.0,60.0
7850,0.0,0.0,62.53521126760563,21.21109926424416,240.0,60.0
7060,0.0,0.0,130.58823529411765,107.40087568025604,360.0,60.0
7093,13.125,73.07690726214403,68.33333333333333,33.623735003053326,240.0,60.0
7504,2.4390243902439024,22.172328150953195,60.0,0.0,60.0,60.0
7553,0.0,0.0,60.6,5.969924622639729,120.0,60.0
7058,0.0,0.0,155.45454545454547,127.48359155476626,360.0,60.0
7943,0.0,0.0,60.0,0.0,60.0,60.0
7740,0.0,0.0,69.27835051546391,39.56587675592126,600.0,60.0
7419,0.3314917127071823,4.447428021546539,63.18840579710145,21.433601794012983,240.0,60.0
7057,0.0,0.0,64.94845360824742,28.142630514005734,300.0,60.0
7682,0.0,0.0,78.13953488372093,39.95670994402703,180.0,60.0
7476,0.0,0.0,60.0,0.0,60.0,60.0
7562,0.43478260869565216,5.088999961182446,60.0,0.0,60.0,60.0
7566,2.5174825174825175,22.29705777161361,60.0,0.0,60.0,60.0
7403,0.0,0.0,63.66197183098591,18.480247286599116,240.0,60.0
7380,0.0,0.0,61.61073825503356,12.904768074331837,240.0,60.0
7400,0.0,0.0,60.0,0.0,60.0,60.0
7181,0.0,0.0,65.08928571428571,17.652171847066434,180.0,60.0
7269,0.0,0.0,61.32427843803056,12.777783591515655,300.0,60.0
7063,0.0,0.0,61.224489795918366,8.48351415952103,120.0,60.0
7816,0.0,0.0,60.96,9.245452936444,180.0,60.0
7171,0.0,0.0,71.20879120879121,60.70710016651056,1140.0,60.0
7479,0.0,0.0,60.0,0.0,60.0,60.0
7815,0.0,0.0,64.3731778425656,19.21492929930056,240.0,60.0
7418,0.6857142857142857,9.045192657101405,61.666666666666664,12.801909579781007,180.0,60.0
7556,3.6144578313253013,32.73030772820755,60.0,0.0,60.0,60.0
7855,0.0,0.0,62.72727272727273,12.49793371351593,120.0,60.0
7049,0.0,0.0,74.86238532110092,54.00670496768156,360.0,60.0
7326,0.0,0.0,62.7710843373494,33.57470551816374,780.0,60.0
7028,4.285714285714286,19.166296949998205,73.33333333333333,51.982903172314494,300.0,60.0
7874,0.0,0.0,120.0,127.27922061357856,480.0,60.0
7480,108.83720930232558,199.73481608122987,69.47368421052632,29.285111038407493,180.0,60.0
7393,0.0,0.0,64.28571428571429,17.20227796970328,180.0,60.0
7280,0.0,0.0,60.609137055837564,6.014746494862386,120.0,60.0
7089,4.8,23.51510153071853,61.55844155844156,9.543466530324077,120.0,60.0
7498,0,0,60.0,0.0,60.0,60.0
7429,0.0,0.0,60.30927835051546,4.296632161685501,120.0,60.0
7382,0.0,0.0,60.888888888888886,7.2486695245778066,120.0,60.0
7914,0.0,0.0,129.47368421052633,73.51861090624935,300.0,60.0
7930,0.0,0.0,66.0,18.0,120.0,60.0
7002,27.096774193548388,148.4151446143031,67.14285714285714,45.73660169594894,360.0,60.0
7368,0.23809523809523808,3.772137980417828,60.842696629213485,7.060570808647237,120.0,60.0
7284,0.0,0.0,60.39473684210526,4.850607523991252,120.0,60.0
7585,0.0,0.0,60.0,0.0,60.0,60.0
7518,1.0714285714285714,11.288200449485098,63.87096774193548,23.783623988602248,240.0,60.0
7215,0.0,0.0,63.70253164556962,17.634477699023364,240.0,60.0
7324,0.0,0.0,60.26845637583892,4.004411782597654,120.0,60.0
7134,0.0,0.0,64.60750853242321,17.446149567976857,180.0,60.0
7979,0.0,0.0,60.0,0.0,60.0,60.0
7322,0.0,0.0,61.5,16.36306817195357,300.0,60.0
7020,3.9344262295081966,18.401593705445627,68.57142857142857,41.991252733425924,300.0,60.0
7349,0.0,0.0,66.59574468085107,47.6144353109155,1080.0,60.0
7424,0.0,0.0,60.0,0.0,60.0,60.0
7451,0.3125,4.318835925339141,64.24528301886792,32.43129496095449,420.0,60.0
7820,0.0,0.0,60.94488188976378,7.469947228744189,120.0,60.0
7287,0.0,0.0,60.69767441860465,6.4322403190415525,120.0,60.0
